scenario,events,requests,beats,responses,memory_checks,errors,status
smoke,60,11,15,11,9,0,PASS
single_master_rw,58,8,16,8,8,0,PASS
target_matrix,58,8,16,8,8,0,PASS
burst_lengths,270,29,81,29,31,0,PASS
transfer_sizes,270,29,81,29,31,0,PASS
partial_strobes,270,29,81,29,31,0,PASS
malformed_unmapped,13,5,0,5,0,0,PASS
malformed_misaligned,13,5,0,5,0,0,PASS
malformed_burst,13,5,0,5,0,0,PASS
boundary_4k,13,5,0,5,0,0,PASS
security_access,60,11,15,11,9,0,PASS
downstream_errors,16,2,4,2,0,0,PASS
qos_priority,60,11,15,11,9,0,PASS
equal_qos_rr,18,4,4,4,4,0,PASS
starvation_override,146,36,36,36,36,0,PASS
contention_two,22,2,8,2,8,0,PASS
contention_four,42,4,16,4,16,0,PASS
outstanding_ids,58,8,16,8,8,0,PASS
write_burst_lock,50,4,16,4,0,0,PASS
aw_delayed_w,50,4,16,4,0,0,PASS
channel_backpressure_25,58,8,16,8,8,0,PASS
channel_backpressure_75,58,8,16,8,8,0,PASS
async_target,60,11,15,11,9,0,PASS
reset_recovery,12,2,2,2,2,0,PASS
local_error_matrix,13,5,0,5,0,0,PASS
random_000,1294,200,396,200,289,0,PASS
random_001,360,50,96,50,30,0,PASS
random_002,550,100,100,100,26,0,PASS
random_003,1836,200,662,200,534,0,PASS
random_004,570,50,212,50,102,0,PASS
random_005,2100,200,697,200,174,0,PASS
random_006,1420,200,402,200,187,0,PASS
random_007,1019,100,354,100,180,0,PASS
random_008,502,50,192,50,171,0,PASS
random_009,687,100,194,100,99,0,PASS
random_010,224,50,47,50,33,0,PASS
random_011,309,50,95,50,81,0,PASS
random_012,422,100,91,100,71,0,PASS
random_013,1422,200,408,200,188,0,PASS
random_014,2088,200,783,200,557,0,PASS
random_015,356,50,89,50,25,0,PASS
random_016,474,50,169,50,125,0,PASS
random_017,1068,200,187,200,40,0,PASS
random_018,456,100,100,100,73,0,PASS
random_019,1080,200,195,200,51,0,PASS
random_020,1062,100,413,100,338,0,PASS
random_021,526,50,196,50,118,0,PASS
random_022,2130,200,721,200,207,0,PASS
random_023,358,50,92,50,21,0,PASS
random_024,950,200,184,200,93,0,PASS
random_025,1298,200,404,200,303,0,PASS
random_026,1908,200,697,200,503,0,PASS
random_027,447,50,157,50,111,0,PASS
random_028,1948,200,695,200,510,0,PASS
random_029,1896,200,700,200,559,0,PASS
random_030,349,50,97,50,37,0,PASS
random_031,740,100,209,100,73,0,PASS
random_032,672,100,184,100,99,0,PASS
random_033,1943,200,720,200,533,0,PASS
random_034,558,50,188,50,37,0,PASS
random_035,562,100,100,100,19,0,PASS
random_036,2061,200,677,200,152,0,PASS
random_037,500,50,179,50,104,0,PASS
random_038,484,100,96,100,51,0,PASS
random_039,530,50,201,50,174,0,PASS
random_040,2125,200,704,200,150,0,PASS
random_041,540,50,178,50,29,0,PASS
random_042,2090,200,743,200,342,0,PASS
random_043,1483,200,384,200,78,0,PASS
random_044,557,50,189,50,43,0,PASS
random_045,492,50,174,50,97,0,PASS
random_046,238,50,50,50,31,0,PASS
random_047,510,50,186,50,132,0,PASS
random_048,978,200,189,200,90,0,PASS
random_049,488,100,93,100,40,0,PASS
random_050,971,100,322,100,154,0,PASS
random_051,1948,200,659,200,309,0,PASS
random_052,548,100,100,100,27,0,PASS
random_053,902,200,195,200,133,0,PASS
random_054,1448,200,372,200,65,0,PASS
random_055,720,100,203,100,93,0,PASS
random_056,978,200,190,200,89,0,PASS
random_057,2082,200,733,200,379,0,PASS
random_058,912,100,321,100,234,0,PASS
random_059,675,100,186,100,97,0,PASS
random_060,1090,200,192,200,40,0,PASS
random_061,553,50,211,50,165,0,PASS
random_062,989,100,351,100,211,0,PASS
random_063,564,50,219,50,158,0,PASS
random_064,218,50,48,50,38,0,PASS
random_065,2112,200,757,200,355,0,PASS
random_066,848,200,185,200,147,0,PASS
random_067,438,100,94,100,70,0,PASS
random_068,1054,100,383,100,224,0,PASS
random_069,378,50,105,50,39,0,PASS
random_070,836,200,180,200,142,0,PASS
random_071,697,100,225,100,174,0,PASS
random_072,1024,100,378,100,265,0,PASS
random_073,2092,200,696,200,164,0,PASS
random_074,2010,200,699,200,322,0,PASS
random_075,524,50,200,50,147,0,PASS
random_076,1002,200,200,200,98,0,PASS
random_077,639,100,170,100,94,0,PASS
random_078,432,100,90,100,65,0,PASS
random_079,1118,100,380,100,92,0,PASS
random_080,1076,100,411,100,301,0,PASS
random_081,2013,200,654,200,198,0,PASS
random_082,345,50,98,50,51,0,PASS
random_083,1064,100,355,100,92,0,PASS
random_084,1023,100,340,100,109,0,PASS
random_085,2070,200,686,200,195,0,PASS
random_086,1017,100,332,100,77,0,PASS
random_087,451,50,161,50,127,0,PASS
random_088,328,50,99,50,71,0,PASS
random_089,220,50,49,50,39,0,PASS
random_090,1148,100,417,100,196,0,PASS
random_091,2000,200,639,200,160,0,PASS
random_092,2168,200,730,200,190,0,PASS
random_093,1060,100,378,100,212,0,PASS
random_094,1425,200,409,200,203,0,PASS
random_095,2047,200,750,200,510,0,PASS
random_096,1064,200,189,200,45,0,PASS
random_097,2107,200,729,200,301,0,PASS
random_098,558,50,195,50,52,0,PASS
random_099,2098,200,740,200,324,0,PASS
