index,seed,operations,read_percent,burst_max,backpressure_percent,error_percent,security_percent,status,scenario,checks,errors,duration_seconds,bucket,trace,log
0,172032000,200,75,4,75,1,0,PASS,random_000,838,0,0.014,none,build/traces/random_000.jsonl,build/logs/random_000.log
1,172032001,50,25,4,75,0,25,PASS,random_001,153,0,0.007,none,build/traces/random_001.jsonl,build/logs/random_001.log
2,172032002,100,25,1,50,1,0,PASS,random_002,226,0,0.008,none,build/traces/random_002.jsonl,build/logs/random_002.log
3,172032003,200,75,8,0,0,10,PASS,random_003,1380,0,0.013,none,build/traces/random_003.jsonl,build/logs/random_003.log
4,172032004,50,50,16,0,5,0,PASS,random_004,292,0,0.006,none,build/traces/random_004.jsonl,build/logs/random_004.log
5,172032005,200,25,8,0,1,10,PASS,random_005,732,0,0.013,none,build/traces/random_005.jsonl,build/logs/random_005.log
6,172032006,200,50,4,50,5,0,PASS,random_006,687,0,0.012,none,build/traces/random_006.jsonl,build/logs/random_006.log
7,172032007,100,50,8,50,0,25,PASS,random_007,558,0,0.009,none,build/traces/random_007.jsonl,build/logs/random_007.log
8,172032008,50,75,16,75,0,0,PASS,random_008,400,0,0.007,none,build/traces/random_008.jsonl,build/logs/random_008.log
9,172032009,100,50,4,50,1,10,PASS,random_009,350,0,0.008,none,build/traces/random_009.jsonl,build/logs/random_009.log
10,172032010,50,75,1,0,0,25,PASS,random_010,136,0,0.005,none,build/traces/random_010.jsonl,build/logs/random_010.log
11,172032011,50,75,4,0,0,25,PASS,random_011,228,0,0.006,none,build/traces/random_011.jsonl,build/logs/random_011.log
12,172032012,100,75,1,75,1,10,PASS,random_012,281,0,0.007,none,build/traces/random_012.jsonl,build/logs/random_012.log
13,172032013,200,50,4,75,5,0,PASS,random_013,680,0,0.015,none,build/traces/random_013.jsonl,build/logs/random_013.log
14,172032014,200,75,8,75,0,10,PASS,random_014,1394,0,0.018,none,build/traces/random_014.jsonl,build/logs/random_014.log
15,172032015,50,25,4,0,1,0,PASS,random_015,138,0,0.006,none,build/traces/random_015.jsonl,build/logs/random_015.log
16,172032016,50,75,16,75,1,0,PASS,random_016,317,0,0.007,none,build/traces/random_016.jsonl,build/logs/random_016.log
17,172032017,200,25,1,75,1,25,PASS,random_017,454,0,0.012,none,build/traces/random_017.jsonl,build/logs/random_017.log
18,172032018,100,75,1,0,1,0,PASS,random_018,273,0,0.006,none,build/traces/random_018.jsonl,build/logs/random_018.log
19,172032019,200,25,1,0,1,10,PASS,random_019,456,0,0.010,none,build/traces/random_019.jsonl,build/logs/random_019.log
20,172032020,100,75,8,50,0,0,PASS,random_020,793,0,0.009,none,build/traces/random_020.jsonl,build/logs/random_020.log
21,172032021,50,75,16,50,5,0,PASS,random_021,334,0,0.007,none,build/traces/random_021.jsonl,build/logs/random_021.log
22,172032022,200,25,16,50,1,10,PASS,random_022,782,0,0.015,none,build/traces/random_022.jsonl,build/logs/random_022.log
23,172032023,50,25,4,50,5,25,PASS,random_023,150,0,0.006,none,build/traces/random_023.jsonl,build/logs/random_023.log
24,172032024,200,50,1,50,1,25,PASS,random_024,510,0,0.010,none,build/traces/random_024.jsonl,build/logs/random_024.log
25,172032025,200,75,4,50,5,10,PASS,random_025,892,0,0.011,none,build/traces/random_025.jsonl,build/logs/random_025.log
26,172032026,200,75,16,0,1,25,PASS,random_026,1311,0,0.013,none,build/traces/random_026.jsonl,build/logs/random_026.log
27,172032027,50,75,8,25,1,25,PASS,random_027,303,0,0.006,none,build/traces/random_027.jsonl,build/logs/random_027.log
28,172032028,200,75,8,0,5,25,PASS,random_028,1482,0,0.013,none,build/traces/random_028.jsonl,build/logs/random_028.log
29,172032029,200,75,16,0,0,10,PASS,random_029,1385,0,0.013,none,build/traces/random_029.jsonl,build/logs/random_029.log
30,172032030,50,50,4,0,1,10,PASS,random_030,162,0,0.006,none,build/traces/random_030.jsonl,build/logs/random_030.log
31,172032031,100,50,4,0,1,10,PASS,random_031,327,0,0.008,none,build/traces/random_031.jsonl,build/logs/random_031.log
32,172032032,100,50,4,50,0,10,PASS,random_032,358,0,0.008,none,build/traces/random_032.jsonl,build/logs/random_032.log
33,172032033,200,75,16,0,5,10,PASS,random_033,1383,0,0.013,none,build/traces/random_033.jsonl,build/logs/random_033.log
34,172032034,50,25,8,75,0,0,PASS,random_034,164,0,0.008,none,build/traces/random_034.jsonl,build/logs/random_034.log
35,172032035,100,25,1,75,5,0,PASS,random_035,220,0,0.008,none,build/traces/random_035.jsonl,build/logs/random_035.log
36,172032036,200,25,16,0,5,10,PASS,random_036,690,0,0.012,none,build/traces/random_036.jsonl,build/logs/random_036.log
37,172032037,50,50,8,75,1,0,PASS,random_037,278,0,0.008,none,build/traces/random_037.jsonl,build/logs/random_037.log
38,172032038,100,50,1,75,0,10,PASS,random_038,255,0,0.008,none,build/traces/random_038.jsonl,build/logs/random_038.log
39,172032039,50,75,16,25,5,25,PASS,random_039,442,0,0.007,none,build/traces/random_039.jsonl,build/logs/random_039.log
40,172032040,200,25,8,75,0,10,PASS,random_040,679,0,0.021,none,build/traces/random_040.jsonl,build/logs/random_040.log
41,172032041,50,25,8,75,0,0,PASS,random_041,149,0,0.008,none,build/traces/random_041.jsonl,build/logs/random_041.log
42,172032042,200,50,16,75,5,0,PASS,random_042,1031,0,0.019,none,build/traces/random_042.jsonl,build/logs/random_042.log
43,172032043,200,25,4,50,0,25,PASS,random_043,546,0,0.012,none,build/traces/random_043.jsonl,build/logs/random_043.log
44,172032044,50,25,8,25,5,10,PASS,random_044,197,0,0.007,none,build/traces/random_044.jsonl,build/logs/random_044.log
45,172032045,50,50,16,25,0,0,PASS,random_045,265,0,0.006,none,build/traces/random_045.jsonl,build/logs/random_045.log
46,172032046,50,75,1,0,1,0,PASS,random_046,132,0,0.005,none,build/traces/random_046.jsonl,build/logs/random_046.log
47,172032047,50,75,8,75,1,25,PASS,random_047,348,0,0.008,none,build/traces/random_047.jsonl,build/logs/random_047.log
48,172032048,200,50,1,0,1,25,PASS,random_048,501,0,0.009,none,build/traces/random_048.jsonl,build/logs/random_048.log
49,172032049,100,50,1,75,5,25,PASS,random_049,250,0,0.008,none,build/traces/random_049.jsonl,build/logs/random_049.log
50,172032050,100,50,8,50,0,25,PASS,random_050,524,0,0.009,none,build/traces/random_050.jsonl,build/logs/random_050.log
51,172032051,200,50,8,0,0,25,PASS,random_051,1010,0,0.012,none,build/traces/random_051.jsonl,build/logs/random_051.log
52,172032052,100,25,1,50,1,0,PASS,random_052,227,0,0.007,none,build/traces/random_052.jsonl,build/logs/random_052.log
53,172032053,200,75,1,75,5,10,PASS,random_053,545,0,0.011,none,build/traces/random_053.jsonl,build/logs/random_053.log
54,172032054,200,25,4,0,5,25,PASS,random_054,556,0,0.011,none,build/traces/random_054.jsonl,build/logs/random_054.log
55,172032055,100,50,4,75,0,25,PASS,random_055,355,0,0.010,none,build/traces/random_055.jsonl,build/logs/random_055.log
56,172032056,200,50,1,50,5,10,PASS,random_056,502,0,0.010,none,build/traces/random_056.jsonl,build/logs/random_056.log
57,172032057,200,50,8,25,1,10,PASS,random_057,1108,0,0.014,none,build/traces/random_057.jsonl,build/logs/random_057.log
58,172032058,100,75,16,50,1,25,PASS,random_058,647,0,0.009,none,build/traces/random_058.jsonl,build/logs/random_058.log
59,172032059,100,50,4,75,0,25,PASS,random_059,381,0,0.010,none,build/traces/random_059.jsonl,build/logs/random_059.log
60,172032060,200,25,1,0,1,10,PASS,random_060,448,0,0.010,none,build/traces/random_060.jsonl,build/logs/random_060.log
61,172032061,50,75,16,75,1,25,PASS,random_061,418,0,0.007,none,build/traces/random_061.jsonl,build/logs/random_061.log
62,172032062,100,75,8,50,0,25,PASS,random_062,597,0,0.009,none,build/traces/random_062.jsonl,build/logs/random_062.log
63,172032063,50,75,8,25,5,0,PASS,random_063,386,0,0.007,none,build/traces/random_063.jsonl,build/logs/random_063.log
64,172032064,50,75,1,50,5,10,PASS,random_064,140,0,0.005,none,build/traces/random_064.jsonl,build/logs/random_064.log
65,172032065,200,50,8,75,5,0,PASS,random_065,1032,0,0.019,none,build/traces/random_065.jsonl,build/logs/random_065.log
66,172032066,200,75,1,75,0,25,PASS,random_066,562,0,0.010,none,build/traces/random_066.jsonl,build/logs/random_066.log
67,172032067,100,75,1,75,1,10,PASS,random_067,276,0,0.007,none,build/traces/random_067.jsonl,build/logs/random_067.log
68,172032068,100,50,16,75,0,0,PASS,random_068,591,0,0.011,none,build/traces/random_068.jsonl,build/logs/random_068.log
69,172032069,50,25,4,0,1,10,PASS,random_069,163,0,0.006,none,build/traces/random_069.jsonl,build/logs/random_069.log
70,172032070,200,75,1,25,1,25,PASS,random_070,563,0,0.010,none,build/traces/random_070.jsonl,build/logs/random_070.log
71,172032071,100,75,4,0,0,25,PASS,random_071,484,0,0.007,none,build/traces/random_071.jsonl,build/logs/random_071.log
72,172032072,100,75,8,0,0,25,PASS,random_072,678,0,0.009,none,build/traces/random_072.jsonl,build/logs/random_072.log
73,172032073,200,25,16,50,1,0,PASS,random_073,685,0,0.015,none,build/traces/random_073.jsonl,build/logs/random_073.log
74,172032074,200,50,16,75,5,10,PASS,random_074,965,0,0.019,none,build/traces/random_074.jsonl,build/logs/random_074.log
75,172032075,50,75,8,25,0,25,PASS,random_075,357,0,0.006,none,build/traces/random_075.jsonl,build/logs/random_075.log
76,172032076,200,50,1,50,1,0,PASS,random_076,500,0,0.010,none,build/traces/random_076.jsonl,build/logs/random_076.log
77,172032077,100,50,4,0,0,25,PASS,random_077,360,0,0.007,none,build/traces/random_077.jsonl,build/logs/random_077.log
78,172032078,100,75,1,25,0,25,PASS,random_078,275,0,0.007,none,build/traces/random_078.jsonl,build/logs/random_078.log
79,172032079,100,25,8,0,5,10,PASS,random_079,390,0,0.009,none,build/traces/random_079.jsonl,build/logs/random_079.log
80,172032080,100,75,16,0,0,0,PASS,random_080,728,0,0.009,none,build/traces/random_080.jsonl,build/logs/random_080.log
81,172032081,200,25,16,25,1,25,PASS,random_081,846,0,0.013,none,build/traces/random_081.jsonl,build/logs/random_081.log
82,172032082,50,50,4,25,5,25,PASS,random_082,208,0,0.006,none,build/traces/random_082.jsonl,build/logs/random_082.log
83,172032083,100,25,8,25,0,0,PASS,random_083,360,0,0.009,none,build/traces/random_083.jsonl,build/logs/random_083.log
84,172032084,100,25,8,0,1,25,PASS,random_084,415,0,0.008,none,build/traces/random_084.jsonl,build/logs/random_084.log
85,172032085,200,25,8,75,1,25,PASS,random_085,842,0,0.020,none,build/traces/random_085.jsonl,build/logs/random_085.log
86,172032086,100,25,16,0,5,10,PASS,random_086,353,0,0.008,none,build/traces/random_086.jsonl,build/logs/random_086.log
87,172032087,50,75,16,75,0,25,PASS,random_087,341,0,0.007,none,build/traces/random_087.jsonl,build/logs/random_087.log
88,172032088,50,75,4,75,1,0,PASS,random_088,206,0,0.007,none,build/traces/random_088.jsonl,build/logs/random_088.log
89,172032089,50,75,1,25,0,10,PASS,random_089,140,0,0.006,none,build/traces/random_089.jsonl,build/logs/random_089.log
90,172032090,100,50,16,75,1,0,PASS,random_090,548,0,0.012,none,build/traces/random_090.jsonl,build/logs/random_090.log
91,172032091,200,25,8,0,0,25,PASS,random_091,792,0,0.012,none,build/traces/random_091.jsonl,build/logs/random_091.log
92,172032092,200,25,8,0,1,0,PASS,random_092,733,0,0.012,none,build/traces/random_092.jsonl,build/logs/random_092.log
93,172032093,100,50,8,50,0,10,PASS,random_093,585,0,0.010,none,build/traces/random_093.jsonl,build/logs/random_093.log
94,172032094,200,50,4,75,0,10,PASS,random_094,726,0,0.015,none,build/traces/random_094.jsonl,build/logs/random_094.log
95,172032095,200,75,8,75,5,10,PASS,random_095,1397,0,0.017,none,build/traces/random_095.jsonl,build/logs/random_095.log
96,172032096,200,25,1,50,5,25,PASS,random_096,458,0,0.010,none,build/traces/random_096.jsonl,build/logs/random_096.log
97,172032097,200,50,8,0,1,25,PASS,random_097,1041,0,0.013,none,build/traces/random_097.jsonl,build/logs/random_097.log
98,172032098,50,50,16,75,5,10,PASS,random_098,213,0,0.008,none,build/traces/random_098.jsonl,build/logs/random_098.log
99,172032099,200,50,16,25,5,0,PASS,random_099,976,0,0.013,none,build/traces/random_099.jsonl,build/logs/random_099.log
